<?xml version='1.0' encoding='UTF-8'?> 
<!DOCTYPE indexdiv PUBLIC "-//OASIS//DTD DocBook XML V4.2//EN"
                "http://www.oasis-open.org/docbook/xml/4.2/docbookx.dtd" [
<!ENTITY version SYSTEM "version.xml">
]>
<indexdiv>
<indexdiv><title>D</title>
<indexentry><primaryie linkends="cairo-device-acquire"><link linkend="cairo-device-acquire">cairo_device_acquire</link>, function in <link linkend="cairo-cairo-device-t">cairo_device_t</link></primaryie></indexentry>
<indexentry><primaryie linkends="cairo-device-destroy"><link linkend="cairo-device-destroy">cairo_device_destroy</link>, function in <link linkend="cairo-cairo-device-t">cairo_device_t</link></primaryie></indexentry>
<indexentry><primaryie linkends="cairo-device-finish"><link linkend="cairo-device-finish">cairo_device_finish</link>, function in <link linkend="cairo-cairo-device-t">cairo_device_t</link></primaryie></indexentry>
<indexentry><primaryie linkends="cairo-device-flush"><link linkend="cairo-device-flush">cairo_device_flush</link>, function in <link linkend="cairo-cairo-device-t">cairo_device_t</link></primaryie></indexentry>
<indexentry><primaryie linkends="cairo-device-get-reference-count"><link linkend="cairo-device-get-reference-count">cairo_device_get_reference_count</link>, function in <link linkend="cairo-cairo-device-t">cairo_device_t</link></primaryie></indexentry>
<indexentry><primaryie linkends="cairo-device-get-type"><link linkend="cairo-device-get-type">cairo_device_get_type</link>, function in <link linkend="cairo-cairo-device-t">cairo_device_t</link></primaryie></indexentry>
<indexentry><primaryie linkends="cairo-device-get-user-data"><link linkend="cairo-device-get-user-data">cairo_device_get_user_data</link>, function in <link linkend="cairo-cairo-device-t">cairo_device_t</link></primaryie></indexentry>
<indexentry><primaryie linkends="cairo-device-reference"><link linkend="cairo-device-reference">cairo_device_reference</link>, function in <link linkend="cairo-cairo-device-t">cairo_device_t</link></primaryie></indexentry>
<indexentry><primaryie linkends="cairo-device-release"><link linkend="cairo-device-release">cairo_device_release</link>, function in <link linkend="cairo-cairo-device-t">cairo_device_t</link></primaryie></indexentry>
<indexentry><primaryie linkends="cairo-device-set-user-data"><link linkend="cairo-device-set-user-data">cairo_device_set_user_data</link>, function in <link linkend="cairo-cairo-device-t">cairo_device_t</link></primaryie></indexentry>
<indexentry><primaryie linkends="cairo-device-status"><link linkend="cairo-device-status">cairo_device_status</link>, function in <link linkend="cairo-cairo-device-t">cairo_device_t</link></primaryie></indexentry>
<indexentry><primaryie linkends="cairo-device-t"><link linkend="cairo-device-t">cairo_device_t</link>, typedef in <link linkend="cairo-cairo-device-t">cairo_device_t</link></primaryie></indexentry>
<indexentry><primaryie linkends="cairo-device-type-t"><link linkend="cairo-device-type-t">cairo_device_type_t</link>, enum in <link linkend="cairo-cairo-device-t">cairo_device_t</link></primaryie></indexentry>
</indexdiv>
<indexdiv><title>H</title>
<indexentry><primaryie linkends="CAIRO-HAS-FC-FONT:CAPS"><link linkend="CAIRO-HAS-FC-FONT:CAPS">CAIRO_HAS_FC_FONT</link>, macro in <link linkend="cairo-FreeType-Fonts">FreeType Fonts</link></primaryie></indexentry>
<indexentry><primaryie linkends="CAIRO-HAS-RECORDING-SURFACE:CAPS"><link linkend="CAIRO-HAS-RECORDING-SURFACE:CAPS">CAIRO_HAS_RECORDING_SURFACE</link>, macro in <link linkend="cairo-Recording-Surfaces">Recording Surfaces</link></primaryie></indexentry>
</indexdiv>
<indexdiv><title>I</title>
<indexentry><primaryie linkends="cairo-in-clip"><link linkend="cairo-in-clip">cairo_in_clip</link>, function in <link linkend="cairo-cairo-t">cairo_t</link></primaryie></indexentry>
</indexdiv>
<indexdiv><title>M</title>
<indexentry><primaryie linkends="CAIRO-MIME-TYPE-JP2:CAPS"><link linkend="CAIRO-MIME-TYPE-JP2:CAPS">CAIRO_MIME_TYPE_JP2</link>, macro in <link linkend="cairo-cairo-surface-t">cairo_surface_t</link></primaryie></indexentry>
<indexentry><primaryie linkends="CAIRO-MIME-TYPE-JPEG:CAPS"><link linkend="CAIRO-MIME-TYPE-JPEG:CAPS">CAIRO_MIME_TYPE_JPEG</link>, macro in <link linkend="cairo-cairo-surface-t">cairo_surface_t</link></primaryie></indexentry>
<indexentry><primaryie linkends="CAIRO-MIME-TYPE-PNG:CAPS"><link linkend="CAIRO-MIME-TYPE-PNG:CAPS">CAIRO_MIME_TYPE_PNG</link>, macro in <link linkend="cairo-cairo-surface-t">cairo_surface_t</link></primaryie></indexentry>
<indexentry><primaryie linkends="CAIRO-MIME-TYPE-URI:CAPS"><link linkend="CAIRO-MIME-TYPE-URI:CAPS">CAIRO_MIME_TYPE_URI</link>, macro in <link linkend="cairo-cairo-surface-t">cairo_surface_t</link></primaryie></indexentry>
</indexdiv>
<indexdiv><title>P</title>
<indexentry><primaryie linkends="cairo-pdf-get-versions"><link linkend="cairo-pdf-get-versions">cairo_pdf_get_versions</link>, function in <link linkend="cairo-PDF-Surfaces">PDF Surfaces</link></primaryie></indexentry>
<indexentry><primaryie linkends="cairo-pdf-surface-restrict-to-version"><link linkend="cairo-pdf-surface-restrict-to-version">cairo_pdf_surface_restrict_to_version</link>, function in <link linkend="cairo-PDF-Surfaces">PDF Surfaces</link></primaryie></indexentry>
<indexentry><primaryie linkends="cairo-pdf-version-t"><link linkend="cairo-pdf-version-t">cairo_pdf_version_t</link>, enum in <link linkend="cairo-PDF-Surfaces">PDF Surfaces</link></primaryie></indexentry>
<indexentry><primaryie linkends="cairo-pdf-version-to-string"><link linkend="cairo-pdf-version-to-string">cairo_pdf_version_to_string</link>, function in <link linkend="cairo-PDF-Surfaces">PDF Surfaces</link></primaryie></indexentry>
</indexdiv>
<indexdiv><title>R</title>
<indexentry><primaryie linkends="cairo-recording-surface-create"><link linkend="cairo-recording-surface-create">cairo_recording_surface_create</link>, function in <link linkend="cairo-Recording-Surfaces">Recording Surfaces</link></primaryie></indexentry>
<indexentry><primaryie linkends="cairo-recording-surface-ink-extents"><link linkend="cairo-recording-surface-ink-extents">cairo_recording_surface_ink_extents</link>, function in <link linkend="cairo-Recording-Surfaces">Recording Surfaces</link></primaryie></indexentry>
<indexentry><primaryie linkends="cairo-rectangle-int-t"><link linkend="cairo-rectangle-int-t">cairo_rectangle_int_t</link>, struct in <link linkend="cairo-Types">Types</link></primaryie></indexentry>
<indexentry><primaryie linkends="cairo-region-contains-point"><link linkend="cairo-region-contains-point">cairo_region_contains_point</link>, function in <link linkend="cairo-Regions">Regions</link></primaryie></indexentry>
<indexentry><primaryie linkends="cairo-region-contains-rectangle"><link linkend="cairo-region-contains-rectangle">cairo_region_contains_rectangle</link>, function in <link linkend="cairo-Regions">Regions</link></primaryie></indexentry>
<indexentry><primaryie linkends="cairo-region-copy"><link linkend="cairo-region-copy">cairo_region_copy</link>, function in <link linkend="cairo-Regions">Regions</link></primaryie></indexentry>
<indexentry><primaryie linkends="cairo-region-create"><link linkend="cairo-region-create">cairo_region_create</link>, function in <link linkend="cairo-Regions">Regions</link></primaryie></indexentry>
<indexentry><primaryie linkends="cairo-region-create-rectangle"><link linkend="cairo-region-create-rectangle">cairo_region_create_rectangle</link>, function in <link linkend="cairo-Regions">Regions</link></primaryie></indexentry>
<indexentry><primaryie linkends="cairo-region-create-rectangles"><link linkend="cairo-region-create-rectangles">cairo_region_create_rectangles</link>, function in <link linkend="cairo-Regions">Regions</link></primaryie></indexentry>
<indexentry><primaryie linkends="cairo-region-destroy"><link linkend="cairo-region-destroy">cairo_region_destroy</link>, function in <link linkend="cairo-Regions">Regions</link></primaryie></indexentry>
<indexentry><primaryie linkends="cairo-region-equal"><link linkend="cairo-region-equal">cairo_region_equal</link>, function in <link linkend="cairo-Regions">Regions</link></primaryie></indexentry>
<indexentry><primaryie linkends="cairo-region-get-extents"><link linkend="cairo-region-get-extents">cairo_region_get_extents</link>, function in <link linkend="cairo-Regions">Regions</link></primaryie></indexentry>
<indexentry><primaryie linkends="cairo-region-get-rectangle"><link linkend="cairo-region-get-rectangle">cairo_region_get_rectangle</link>, function in <link linkend="cairo-Regions">Regions</link></primaryie></indexentry>
<indexentry><primaryie linkends="cairo-region-intersect"><link linkend="cairo-region-intersect">cairo_region_intersect</link>, function in <link linkend="cairo-Regions">Regions</link></primaryie></indexentry>
<indexentry><primaryie linkends="cairo-region-intersect-rectangle"><link linkend="cairo-region-intersect-rectangle">cairo_region_intersect_rectangle</link>, function in <link linkend="cairo-Regions">Regions</link></primaryie></indexentry>
<indexentry><primaryie linkends="cairo-region-is-empty"><link linkend="cairo-region-is-empty">cairo_region_is_empty</link>, function in <link linkend="cairo-Regions">Regions</link></primaryie></indexentry>
<indexentry><primaryie linkends="cairo-region-num-rectangles"><link linkend="cairo-region-num-rectangles">cairo_region_num_rectangles</link>, function in <link linkend="cairo-Regions">Regions</link></primaryie></indexentry>
<indexentry><primaryie linkends="cairo-region-overlap-t"><link linkend="cairo-region-overlap-t">cairo_region_overlap_t</link>, enum in <link linkend="cairo-Regions">Regions</link></primaryie></indexentry>
<indexentry><primaryie linkends="cairo-region-reference"><link linkend="cairo-region-reference">cairo_region_reference</link>, function in <link linkend="cairo-Regions">Regions</link></primaryie></indexentry>
<indexentry><primaryie linkends="cairo-region-status"><link linkend="cairo-region-status">cairo_region_status</link>, function in <link linkend="cairo-Regions">Regions</link></primaryie></indexentry>
<indexentry><primaryie linkends="cairo-region-subtract"><link linkend="cairo-region-subtract">cairo_region_subtract</link>, function in <link linkend="cairo-Regions">Regions</link></primaryie></indexentry>
<indexentry><primaryie linkends="cairo-region-subtract-rectangle"><link linkend="cairo-region-subtract-rectangle">cairo_region_subtract_rectangle</link>, function in <link linkend="cairo-Regions">Regions</link></primaryie></indexentry>
<indexentry><primaryie linkends="cairo-region-t"><link linkend="cairo-region-t">cairo_region_t</link>, typedef in <link linkend="cairo-Regions">Regions</link></primaryie></indexentry>
<indexentry><primaryie linkends="cairo-region-translate"><link linkend="cairo-region-translate">cairo_region_translate</link>, function in <link linkend="cairo-Regions">Regions</link></primaryie></indexentry>
<indexentry><primaryie linkends="cairo-region-union"><link linkend="cairo-region-union">cairo_region_union</link>, function in <link linkend="cairo-Regions">Regions</link></primaryie></indexentry>
<indexentry><primaryie linkends="cairo-region-union-rectangle"><link linkend="cairo-region-union-rectangle">cairo_region_union_rectangle</link>, function in <link linkend="cairo-Regions">Regions</link></primaryie></indexentry>
<indexentry><primaryie linkends="cairo-region-xor"><link linkend="cairo-region-xor">cairo_region_xor</link>, function in <link linkend="cairo-Regions">Regions</link></primaryie></indexentry>
<indexentry><primaryie linkends="cairo-region-xor-rectangle"><link linkend="cairo-region-xor-rectangle">cairo_region_xor_rectangle</link>, function in <link linkend="cairo-Regions">Regions</link></primaryie></indexentry>
</indexdiv>
<indexdiv><title>S</title>
<indexentry><primaryie linkends="cairo-skia-context-t"><link linkend="cairo-skia-context-t">cairo_skia_context_t</link>, typedef in <link linkend="cairo-cairo-skia">cairo-skia</link></primaryie></indexentry>
<indexentry><primaryie linkends="cairo-skia-surface-t"><link linkend="cairo-skia-surface-t">cairo_skia_surface_t</link>, typedef in <link linkend="cairo-cairo-skia">cairo-skia</link></primaryie></indexentry>
<indexentry><primaryie linkends="cairo-surface-create-for-rectangle"><link linkend="cairo-surface-create-for-rectangle">cairo_surface_create_for_rectangle</link>, function in <link linkend="cairo-cairo-surface-t">cairo_surface_t</link></primaryie></indexentry>
<indexentry><primaryie linkends="cairo-surface-get-device"><link linkend="cairo-surface-get-device">cairo_surface_get_device</link>, function in <link linkend="cairo-cairo-surface-t">cairo_surface_t</link></primaryie></indexentry>
<indexentry><primaryie linkends="cairo-surface-get-mime-data"><link linkend="cairo-surface-get-mime-data">cairo_surface_get_mime_data</link>, function in <link linkend="cairo-cairo-surface-t">cairo_surface_t</link></primaryie></indexentry>
<indexentry><primaryie linkends="cairo-surface-set-mime-data"><link linkend="cairo-surface-set-mime-data">cairo_surface_set_mime_data</link>, function in <link linkend="cairo-cairo-surface-t">cairo_surface_t</link></primaryie></indexentry>
</indexdiv>
</indexdiv>
