<?xml version='1.0' encoding='UTF-8'?> 
<!DOCTYPE indexdiv PUBLIC "-//OASIS//DTD DocBook XML V4.2//EN"
                "http://www.oasis-open.org/docbook/xml/4.2/docbookx.dtd" [
<!ENTITY version SYSTEM "version.xml">
]>
<indexdiv>
<indexdiv><title>F</title>
<indexentry><primaryie linkends="cairo-format-stride-for-width"><link linkend="cairo-format-stride-for-width">cairo_format_stride_for_width</link>, function in <link linkend="cairo-Image-Surfaces">Image Surfaces</link></primaryie></indexentry>
</indexdiv>
<indexdiv><title>H</title>
<indexentry><primaryie linkends="cairo-has-current-point"><link linkend="cairo-has-current-point">cairo_has_current_point</link>, function in <link linkend="cairo-Paths">Paths</link></primaryie></indexentry>
<indexentry><primaryie linkends="CAIRO-HAS-QUARTZ-FONT:CAPS"><link linkend="CAIRO-HAS-QUARTZ-FONT:CAPS">CAIRO_HAS_QUARTZ_FONT</link>, macro in <link linkend="cairo-Quartz-(CGFont)-Fonts">Quartz (CGFont) Fonts</link></primaryie></indexentry>
<indexentry><primaryie linkends="CAIRO-HAS-QUARTZ-SURFACE:CAPS"><link linkend="CAIRO-HAS-QUARTZ-SURFACE:CAPS">CAIRO_HAS_QUARTZ_SURFACE</link>, macro in <link linkend="cairo-Quartz-Surfaces">Quartz Surfaces</link></primaryie></indexentry>
<indexentry><primaryie linkends="CAIRO-HAS-XLIB-XRENDER-SURFACE:CAPS"><link linkend="CAIRO-HAS-XLIB-XRENDER-SURFACE:CAPS">CAIRO_HAS_XLIB_XRENDER_SURFACE</link>, macro in <link linkend="cairo-XLib-XRender-Backend">XLib-XRender Backend</link></primaryie></indexentry>
</indexdiv>
<indexdiv><title>P</title>
<indexentry><primaryie linkends="cairo-path-extents"><link linkend="cairo-path-extents">cairo_path_extents</link>, function in <link linkend="cairo-Paths">Paths</link></primaryie></indexentry>
<indexentry><primaryie linkends="cairo-ps-get-levels"><link linkend="cairo-ps-get-levels">cairo_ps_get_levels</link>, function in <link linkend="cairo-PostScript-Surfaces">PostScript Surfaces</link></primaryie></indexentry>
<indexentry><primaryie linkends="cairo-ps-level-t"><link linkend="cairo-ps-level-t">cairo_ps_level_t</link>, enum in <link linkend="cairo-PostScript-Surfaces">PostScript Surfaces</link></primaryie></indexentry>
<indexentry><primaryie linkends="cairo-ps-level-to-string"><link linkend="cairo-ps-level-to-string">cairo_ps_level_to_string</link>, function in <link linkend="cairo-PostScript-Surfaces">PostScript Surfaces</link></primaryie></indexentry>
<indexentry><primaryie linkends="cairo-ps-surface-get-eps"><link linkend="cairo-ps-surface-get-eps">cairo_ps_surface_get_eps</link>, function in <link linkend="cairo-PostScript-Surfaces">PostScript Surfaces</link></primaryie></indexentry>
<indexentry><primaryie linkends="cairo-ps-surface-restrict-to-level"><link linkend="cairo-ps-surface-restrict-to-level">cairo_ps_surface_restrict_to_level</link>, function in <link linkend="cairo-PostScript-Surfaces">PostScript Surfaces</link></primaryie></indexentry>
<indexentry><primaryie linkends="cairo-ps-surface-set-eps"><link linkend="cairo-ps-surface-set-eps">cairo_ps_surface_set_eps</link>, function in <link linkend="cairo-PostScript-Surfaces">PostScript Surfaces</link></primaryie></indexentry>
</indexdiv>
<indexdiv><title>Q</title>
<indexentry><primaryie linkends="cairo-quartz-font-face-create-for-atsu-font-id"><link linkend="cairo-quartz-font-face-create-for-atsu-font-id">cairo_quartz_font_face_create_for_atsu_font_id</link>, function in <link linkend="cairo-Quartz-(CGFont)-Fonts">Quartz (CGFont) Fonts</link></primaryie></indexentry>
<indexentry><primaryie linkends="cairo-quartz-font-face-create-for-cgfont"><link linkend="cairo-quartz-font-face-create-for-cgfont">cairo_quartz_font_face_create_for_cgfont</link>, function in <link linkend="cairo-Quartz-(CGFont)-Fonts">Quartz (CGFont) Fonts</link></primaryie></indexentry>
<indexentry><primaryie linkends="cairo-quartz-surface-create"><link linkend="cairo-quartz-surface-create">cairo_quartz_surface_create</link>, function in <link linkend="cairo-Quartz-Surfaces">Quartz Surfaces</link></primaryie></indexentry>
<indexentry><primaryie linkends="cairo-quartz-surface-create-for-cg-context"><link linkend="cairo-quartz-surface-create-for-cg-context">cairo_quartz_surface_create_for_cg_context</link>, function in <link linkend="cairo-Quartz-Surfaces">Quartz Surfaces</link></primaryie></indexentry>
<indexentry><primaryie linkends="cairo-quartz-surface-get-cg-context"><link linkend="cairo-quartz-surface-get-cg-context">cairo_quartz_surface_get_cg_context</link>, function in <link linkend="cairo-Quartz-Surfaces">Quartz Surfaces</link></primaryie></indexentry>
</indexdiv>
<indexdiv><title>S</title>
<indexentry><primaryie linkends="cairo-surface-copy-page"><link linkend="cairo-surface-copy-page">cairo_surface_copy_page</link>, function in <link linkend="cairo-cairo-surface-t">cairo_surface_t</link></primaryie></indexentry>
<indexentry><primaryie linkends="cairo-surface-show-page"><link linkend="cairo-surface-show-page">cairo_surface_show_page</link>, function in <link linkend="cairo-cairo-surface-t">cairo_surface_t</link></primaryie></indexentry>
</indexdiv>
<indexdiv><title>W</title>
<indexentry><primaryie linkends="cairo-win32-font-face-create-for-logfontw-hfont"><link linkend="cairo-win32-font-face-create-for-logfontw-hfont">cairo_win32_font_face_create_for_logfontw_hfont</link>, function in <link linkend="cairo-Win32-Fonts">Win32 Fonts</link></primaryie></indexentry>
<indexentry><primaryie linkends="cairo-win32-printing-surface-create"><link linkend="cairo-win32-printing-surface-create">cairo_win32_printing_surface_create</link>, function in <link linkend="cairo-Win32-Surfaces">Win32 Surfaces</link></primaryie></indexentry>
</indexdiv>
<indexdiv><title>X</title>
<indexentry><primaryie linkends="cairo-xlib-surface-get-xrender-format"><link linkend="cairo-xlib-surface-get-xrender-format">cairo_xlib_surface_get_xrender_format</link>, function in <link linkend="cairo-XLib-XRender-Backend">XLib-XRender Backend</link></primaryie></indexentry>
</indexdiv>
</indexdiv>
