<?xml version='1.0' encoding='UTF-8'?> 
<!DOCTYPE indexdiv PUBLIC "-//OASIS//DTD DocBook XML V4.2//EN"
                "http://www.oasis-open.org/docbook/xml/4.2/docbookx.dtd" [
<!ENTITY version SYSTEM "version.xml">
]>
<indexdiv>
<indexdiv><title>M</title>
<indexentry><primaryie linkends="CAIRO-MIME-TYPE-JBIG2:CAPS"><link linkend="CAIRO-MIME-TYPE-JBIG2:CAPS">CAIRO_MIME_TYPE_JBIG2</link>, macro in <link linkend="cairo-cairo-surface-t">cairo_surface_t</link></primaryie></indexentry>
<indexentry><primaryie linkends="CAIRO-MIME-TYPE-JBIG2-GLOBAL:CAPS"><link linkend="CAIRO-MIME-TYPE-JBIG2-GLOBAL:CAPS">CAIRO_MIME_TYPE_JBIG2_GLOBAL</link>, macro in <link linkend="cairo-cairo-surface-t">cairo_surface_t</link></primaryie></indexentry>
<indexentry><primaryie linkends="CAIRO-MIME-TYPE-JBIG2-GLOBAL-ID:CAPS"><link linkend="CAIRO-MIME-TYPE-JBIG2-GLOBAL-ID:CAPS">CAIRO_MIME_TYPE_JBIG2_GLOBAL_ID</link>, macro in <link linkend="cairo-cairo-surface-t">cairo_surface_t</link></primaryie></indexentry>
</indexdiv>
<indexdiv><title>S</title>
<indexentry><primaryie linkends="cairo-surface-get-device-scale"><link linkend="cairo-surface-get-device-scale">cairo_surface_get_device_scale</link>, function in <link linkend="cairo-cairo-surface-t">cairo_surface_t</link></primaryie></indexentry>
<indexentry><primaryie linkends="cairo-surface-set-device-scale"><link linkend="cairo-surface-set-device-scale">cairo_surface_set_device_scale</link>, function in <link linkend="cairo-cairo-surface-t">cairo_surface_t</link></primaryie></indexentry>
</indexdiv>
</indexdiv>
