<?xml version='1.0' encoding='UTF-8'?> 
<!DOCTYPE book PUBLIC "-//OASIS//DTD DocBook XML V4.2//EN"
                "http://www.oasis-open.org/docbook/xml/4.2/docbookx.dtd" [
<!ENTITY version SYSTEM "version.xml">
]>
<book lang="en" id="cairo" xmlns:xi="http://www.w3.org/2003/XInclude"> 
<title>Cairo: A Vector Graphics Library</title>
  <bookinfo>
    <title>Cairo: A Vector Graphics Library</title>
    <releaseinfo>for Cairo &version;</releaseinfo>
  </bookinfo>
  <chapter id="cairo-drawing">
    <title>Drawing</title>
    <xi:include href="xml/cairo.xml"/>
    <xi:include href="xml/cairo-paths.xml"/>
    <xi:include href="xml/cairo-pattern.xml"/>
    <xi:include href="xml/cairo-region.xml"/>
    <xi:include href="xml/cairo-transforms.xml"/>
    <xi:include href="xml/cairo-text.xml"/>
    <xi:include href="xml/cairo-raster-source.xml"/>
  </chapter>
  <chapter id="cairo-fonts">
    <title>Fonts</title>
    <xi:include href="xml/cairo-font-face.xml"/>
    <xi:include href="xml/cairo-scaled-font.xml"/>
    <xi:include href="xml/cairo-font-options.xml"/>
    <xi:include href="xml/cairo-ft.xml"/>
    <xi:include href="xml/cairo-win32-fonts.xml"/>
    <xi:include href="xml/cairo-quartz-fonts.xml"/>
    <xi:include href="xml/cairo-user-fonts.xml"/>
  </chapter>
  <chapter id="cairo-surfaces">
    <title>Surfaces</title>
    <xi:include href="xml/cairo-device.xml"/>
    <xi:include href="xml/cairo-surface.xml"/>
    <xi:include href="xml/cairo-image.xml"/>
    <xi:include href="xml/cairo-pdf.xml"/>
    <xi:include href="xml/cairo-png.xml"/>
    <xi:include href="xml/cairo-ps.xml"/>
    <xi:include href="xml/cairo-recording.xml"/>
    <xi:include href="xml/cairo-win32.xml"/>
    <!--xi:include href="xml/cairo-beos.xml"/-->
    <xi:include href="xml/cairo-svg.xml"/>
    <xi:include href="xml/cairo-quartz.xml" />
    <!--xi:include href="xml/cairo-quartz-image.xml"/-->
    <xi:include href="xml/cairo-xcb.xml"/>
    <xi:include href="xml/cairo-xlib.xml"/>
    <xi:include href="xml/cairo-xlib-xrender.xml"/>
    <xi:include href="xml/cairo-script.xml"/>
  </chapter>
  <chapter id="cairo-support">
    <title>Utilities</title>
    <xi:include href="xml/cairo-matrix.xml"/>
    <xi:include href="xml/cairo-status.xml"/>
    <xi:include href="xml/cairo-version.xml"/>
    <xi:include href="xml/cairo-types.xml"/>
  </chapter>
  <index id="index-all">
    <title>Index</title>
  </index>
  <index id="index-1.2" role="1.2">
    <title>Index of new symbols in 1.2</title>
  </index>
  <index id="index-1.4" role="1.4">
    <title>Index of new symbols in 1.4</title>
  </index>
  <index id="index-1.6" role="1.6">
    <title>Index of new symbols in 1.6</title>
  </index>
  <index id="index-1.8" role="1.8">
    <title>Index of new symbols in 1.8</title>
  </index>
  <index id="index-1.10" role="1.10">
    <title>Index of new symbols in 1.10</title>
  </index>
  <index id="index-1.12" role="1.12">
    <title>Index of new symbols in 1.12</title>
  </index>
  <index id="index-1.14" role="1.14">
    <title>Index of new symbols in 1.14</title>
  </index>
  <xi:include href="language-bindings.xml"/>
</book>
